{
    "config": {
        "network-interface":{
            "help": "options are ETHERNET,WIFI_ESP8266,MESH_LOWPAN_ND,MESH_THREAD",
            "value": "WIFI_ESP8266"
        },
        "esp8266-tx": {
            "help": "Pin used as TX (connects to ESP8266 RX)",
            "value": "D1"
        },
        "esp8266-rx": {
            "help": "Pin used as RX (connects to ESP8266 TX)",
            "value": "D0"
        },
        "esp8266-ssid": {
            "value": "\"SKY6A8D3\""
        },
        "esp8266-password": {
            "value": "\"DPARETCS\""
        },
        "esp8266-debug": {
            "value": true
        }
    },
    "target_overrides": {
        "*": {
            "target.features_add": ["IPV4", "IPV6"]
        }
    }
}